Disorder Strength,t=20
0.0,0.013118023220158032
1.0,0.012659183249266327
